asin,1,2,3,4,5,6,7,8,9,10
B000HAB4NK,B000HAB4NK,B000MPGI68,B009IJJ5B4,B002KGEORM,B001SE07JG,B002962RKE,B0079W7X98,B001QDKK3W,B000UVUMDO,B00DAHSVYC
B000I9S5BE,B000I9S5BE,B0048ZXXIO,B003L4S0VI,B009C46UEK,B00BLCHXWY,B008X0SGDC,B000OJFV3S,B0032UQR70,B0040HNZTW,B00CBLGJY2
B000I9TWV6,B000I9TWV6,B004KPX56C,B002962RKE,B0048ZXXIO,B003MCOTT6,B009C46UEK,B006Z48TZS,B008ZXSUO2,B00BECZ6N4,B0037KH0WQ
B000JO9JHW,B000JO9JHW,B0012QRPU4,B002Y0TGOU,B000VZUWZW,B00CDBR1P6,B009GEAWOU,B000MPGI68,B000UU4IX0,B009K0OL06,B003R7R1ZK
B000MPGI68,B000MPGI68,B000HAB4NK,B001SE07JG,B002KGEORM,B000UU4IX0,B0064JGWZS,B001QDKK3W,B000JO9JHW,B00DAHSVYC,B000ZU1KMW
B000MVN8GK,B000MVN8GK,B00B2G2RG6,B008EQHT4M,B0025Z8G4K,B008JSO21S,B0054U565U,B000MVN8HE,B003V61JUK,B00BLCHYKU,B00A2KIMH6
B000MVN8HE,B000MVN8HE,B001EXRQQ8,B003R7R1ZK,B003RRW3BC,B000MVN8GK,B0044BY98K,B009GEAWOU,B000UVUMDO,B00CDBR1P6,B003V61JUK
B000OGTRC2,B000OGTRC2,B003RRW3BC,B001EXRQQ8,B00B2G2RG6,B008BQG3RE,B000VU4GW2,B009L0H5OY,B002962RKE,B006Z48TZS,B004MWZLYC
B000OJFV3S,B000OJFV3S,B009GX6F10,B001F6ZIXC,B003NRVE6Q,B00B2G2RG6,B007H63DRW,B00DAHSVYC,B00BLCHYKU,B009C46UEK,B003R7R1ZK
B000S9FEFY,B000S9FEFY,B00B8P8O9K,B0054U565U,B001QDKK3W,B0055MQUM0,B008ZXSUO2,B008EQHT4M,B004126A1G,B003R7R1ZK,B005544TRQ
B000UU4IX0,B000UU4IX0,B000ZU1KMW,B008ZXSUO2,B004X2M3N8,B004126A1G,B00DNUF7KW,B001SE07JG,B000MPGI68,B00ATLJYL6,B0012QRPU4
B000UVUMDO,B000UVUMDO,B008BQ8VOC,B0054U565U,B004X36GNK,B008EQHT4M,B004GTOKM0,B008JSO786,B003B63FKW,B003UU1UTC,B009RURGHO
B000VU4GW2,B000VU4GW2,B001EXRQQ8,B00D1N6OQ2,B003R7R1ZK,B00APE00H4,B00DKRXM7S,B000VZUWZW,B000OGTRC2,B0083IJGBU,B004MWZLYC
B000VZUWZW,B000VZUWZW,B009GEAWOU,B000VU4GW2,B000JO9JHW,B009JZTOG8,B001QDKK3W,B009AP3HQK,B009IF7092,B000MVN8GK,B00DAHSVYC
B000ZU1KMW,B000ZU1KMW,B000UU4IX0,B004X2M3N8,B004126A1G,B0045XR7O0,B009O6QKKK,B001SE07JG,B002KGEORM,B000MPGI68,B00C7KXUOE
B0012QRPU4,B0012QRPU4,B000JO9JHW,B000UU4IX0,B009SJ3GUK,B006Y5BWQG,B00DTOYIIE,B002962RKE,B001F6ZIXC,B009FZFONO,B007JF83YY
B001EXRQQ8,B001EXRQQ8,B000VU4GW2,B003RRW3BC,B000OGTRC2,B00APE00H4,B00D1NBQ60,B003V61JUK,B000MVN8HE,B008BQG3RE,B009GX6F10
B001F6ZIXC,B001F6ZIXC,B002KGEORM,B00D1NBQ60,B0083IJGBU,B004VJQ7F8,B000OJFV3S,B0087YNHNI,B009RURGHO,B009KHHELW,B000UVUMDO
B001QDKK3W,B001QDKK3W,B009JZTOG8,B005544TRQ,B001SE07JG,B005F2BB3I,B003V61JUK,B000S9FEFY,B003B63FKW,B00C7KXUOE,B00337ZGIS
B001SE07JG,B001SE07JG,B002QS5OQ4,B001QDKK3W,B000MPGI68,B002Y0TGOU,B003B63FKW,B004126A1G,B00DAHSVYC,B000UU4IX0,B0055MQUM0
B0025Z8G4K,B0025Z8G4K,B00A2KIMH6,B00C7KXUOE,B007QRER4K,B0054U565U,B009O6QKKK,B003RRW3BC,B00C0OLT6S,B000MVN8GK,B001EXRQQ8
B002962RKE,B002962RKE,B000I9TWV6,B00459EZ7Q,B00ATLJYL6,B0087BJXM0,B0055MQUM0,B000OGTRC2,B002QS5OQ4,B000HAB4NK,B001F6ZIXC
B002KGEORM,B002KGEORM,B001F6ZIXC,B0064JGWZS,B0099JKR6U,B000MPGI68,B000HAB4NK,B009GX6F10,B006Z48TZS,B00DAHSVYC,B0087YNHNI
B002NWNTL0,B002NWNTL0,B0040HNZTW,B00BLCHYKU,B009RURGHO,B003NRWVMC,B00A2KIMH6,B009GX6F10,B00B8P8O9K,B008BQG3RE,B0079W7OCY
B002QS5OQ4,B002QS5OQ4,B00459EZ7Q,B001SE07JG,B008JSO21S,B008JSO786,B005C4FD0Q,B009IF7092,B004126A1G,B005F2BB3I,B00CDBTQCW
B002TUO2SU,B002TUO2SU,B0054U565U,B0045XR7O0,B00A2KIMH6,B009O6QKKK,B004TJRCNG,B008BQG3RE,B0091P60PY,B001F6ZIXC,B00BLCHXWY
B002Y0TGOU,B002Y0TGOU,B009IF7092,B000JO9JHW,B001SE07JG,B00D1NBQ60,B003R7R1ZK,B003B63FKW,B009JARQ3G,B002TUO2SU,B003XU02QG
B0032UQR70,B0032UQR70,B005C4FD0Q,B000UU4IX0,B003L4S0VI,B000I9S5BE,B0048ZXXIO,B00CBLGJY2,B00CE10BD4,B0054U565U,B000MVN8GK
B00337ZGIS,B00337ZGIS,B005544TRQ,B0087BJXM0,B001QDKK3W,B0025Z8G4K,B003NQ1T58,B008QTTGGG,B00APE00H4,B000VU4GW2,B000UU4IX0
B00366JI9O,B00366JI9O,B001QDKK3W,B004MWZLYC,B0087YQVY0,B00BW75MKI,B008BQG3RE,B00APE00H4,B00A2KIMH6,B004X36GNK,B000OJFV3S
B0037KH0WQ,B0037KH0WQ,B009C46UEK,B0048ZXXIO,B003L4S0VI,B004126A1G,B000OJFV3S,B000I9TWV6,B00BW75MKI,B004GEYL9M,B003V61JUK
B0038L1XPO,B0038L1XPO,B007H63DRW,B0095R3J8O,B008QTTGGG,B004VJQ7F8,B008EQHT4M,B009OYSFDM,B006Z48TZS,B003V61JUK,B00BLCHXWY
B003B63FKW,B003B63FKW,B00BLCHXWY,B00932ADLC,B001SE07JG,B00B8P8O9K,B001QDKK3W,B003NRWVMC,B009IJJ5B4,B0083IJGBU,B000UVUMDO
B003L4S0VI,B003L4S0VI,B003MCOTT6,B0095R3J8O,B0037KH0WQ,B000I9S5BE,B009AP3HQK,B0048ZXXIO,B0032UQR70,B00C7KXUOE,B000I9TWV6
B003MCOTT6,B003MCOTT6,B00CE10BD4,B003L4S0VI,B0055MQUM0,B006Z48TZS,B0054TK99E,B004KPX56C,B000I9TWV6,B0048ZXXIO,B002962RKE
B003NQ1T58,B003NQ1T58,B009KHHELW,B00CBNO8MK,B009GEDP26,B00337ZGIS,B008QTTGGG,B004X2M3N8,B00CDBR1P6,B00CBNOBYU,B00932ADLC
B003NRVE6Q,B003NRVE6Q,B003NRWVMC,B004GTOKM0,B0064JGWZS,B009RURGHO,B009L0H5OY,B009AP3HQK,B00C0OLT6S,B000OJFV3S,B00A2KIMH6
B003NRWVMC,B003NRWVMC,B003NRVE6Q,B0040HNZTW,B004X36GNK,B00BLCHXWY,B0083IJGBU,B004GTOKM0,B00BW75MKI,B004TJRCNG,B009GX6F10
B003R7R1ZK,B003R7R1ZK,B0095R3J8O,B000VU4GW2,B009RURGHO,B008BQ8VOC,B000MVN8HE,B003UU1UTC,B005544TRQ,B000S9FEFY,B002Y0TGOU
B003RRW3BC,B003RRW3BC,B001EXRQQ8,B000OGTRC2,B008X0SGDC,B00459EZ7Q,B00CDBR1P6,B00B8P8O9K,B0079W7X98,B009IG59DK,B00DAHSVYC
B003UU1UTC,B003UU1UTC,B0054U565U,B008EQHT4M,B008BQ8VOC,B008BQG3RE,B004GEYL9M,B003R7R1ZK,B000UVUMDO,B009IJJ5B4,B008JSO786
B003V61JUK,B003V61JUK,B00D1NBQ60,B008X0SGDC,B0064JGWZS,B001EXRQQ8,B001QDKK3W,B007ORTYKO,B004126A1G,B00APE00H4,B00B8P8O9K
B003XU02QG,B003XU02QG,B00B2G2RG6,B008ZXSUO2,B004MWZLYC,B0087YNHNI,B00459EZ7Q,B00DNUF7KW,B009JZTOG8,B003V61JUK,B00DN7LSXU
B0040HNZTW,B0040HNZTW,B0054U565U,B003NRWVMC,B004GTOKM0,B002NWNTL0,B008X0SGDC,B003V61JUK,B009O6QKKK,B00CBNOD0W,B003RRW3BC
B004126A1G,B004126A1G,B004X2M3N8,B009KHHELW,B004GEYL9M,B003V61JUK,B000ZU1KMW,B000UU4IX0,B001SE07JG,B00DAHSVYC,B002QS5OQ4
B0044BY98K,B0044BY98K,B000MVN8HE,B0055MQUM0,B000OGTRC2,B00C0OLT6S,B00D1N6OQ2,B00CDBR1P6,B009AP3HQK,B004TJRCNG,B004126A1G
B00459EZ7Q,B00459EZ7Q,B002QS5OQ4,B003RRW3BC,B002962RKE,B0055MQUM0,B00CDBTVM2,B003XU02QG,B00DAHSVYC,B004X2M3N8,B00CDBR1P6
B0045XR7O0,B0045XR7O0,B002TUO2SU,B00A2KIMH6,B001EXRQQ8,B000ZU1KMW,B008X0SGDC,B000VU4GW2,B009JZTOG8,B005F2BB3I,B003XU02QG
B0048ZXXIO,B0048ZXXIO,B009C46UEK,B004KPX56C,B0037KH0WQ,B000I9S5BE,B000I9TWV6,B003MCOTT6,B003L4S0VI,B006Y5BWQG,B009L0H5OY
B004GEYL9M,B004GEYL9M,B008ZXSUO2,B004X2M3N8,B00BW75MKI,B004126A1G,B003UU1UTC,B00DAHSVYC,B00D1NBQ60,B005544TRQ,B005F2BB3I
B004GTOKM0,B004GTOKM0,B003NRVE6Q,B0040HNZTW,B003NRWVMC,B004TJRCNG,B000UVUMDO,B00B8P8O9K,B004X36GNK,B00BLCHYKU,B005544TRQ
B004KPX56C,B004KPX56C,B000I9TWV6,B0048ZXXIO,B003MCOTT6,B004X2M3N8,B00BW75MKI,B005544TRQ,B00CBLGJY2,B004GEYL9M,B00DAHSVYC
B004MWZLYC,B004MWZLYC,B006Z48TZS,B00APE00H4,B008BQ8VOC,B0054U565U,B00BLCHL4Y,B004TJRCNG,B000VU4GW2,B003RRW3BC,B003XU02QG
B004TJRCNG,B004TJRCNG,B007ORTYKO,B00D5P0QMY,B004GTOKM0,B00B8P8O9K,B006Y5BWQG,B003NRWVMC,B004MWZLYC,B00APE00H4,B0055MQUM0
B004VJQ7F8,B004VJQ7F8,B005OPTRW8,B007H63DRW,B008BQ8VOC,B001F6ZIXC,B0038L1XPO,B00932ADLC,B0087YNHNI,B006Y5BWQG,B008JSOXLW
B004X2M3N8,B004X2M3N8,B004GEYL9M,B004126A1G,B000UU4IX0,B009FZFONO,B000ZU1KMW,B00BW75MKI,B00DAHSVYC,B00459EZ7Q,B002QS5OQ4
B004X36GNK,B004X36GNK,B003NRWVMC,B000UVUMDO,B0087YNHNI,B00APE00H4,B0083IJGBU,B004GTOKM0,B006Z48TZS,B004MWZLYC,B00BLCHL4Y
B0054TK99E,B0054TK99E,B005DJRD80,B008QTTGGG,B003MCOTT6,B0083IJGBU,B001QDKK3W,B00932ADLC,B009SJ3GUK,B005F2BB3I,B007ORTYKO
B0054U565U,B0054U565U,B008EQHT4M,B003UU1UTC,B002TUO2SU,B008JSO786,B0040HNZTW,B000UVUMDO,B000S9FEFY,B00D1NBQ60,B004MWZLYC
B005544TRQ,B005544TRQ,B008BQ8VOC,B00DQISQX6,B001QDKK3W,B0095R3J8O,B00337ZGIS,B009GX6F10,B00B8P8O9K,B006Z48TZS,B0079W7X98
B0055MQUM0,B0055MQUM0,B008JSO786,B003MCOTT6,B005OPTRW8,B000S9FEFY,B00D1N6OQ2,B007N4BTEW,B006Y5BWQG,B00459EZ7Q,B00DAHSVYC
B005C4FD0Q,B005C4FD0Q,B007QRER4K,B008JSO21S,B0032UQR70,B002QS5OQ4,B00D1NBQ60,B008EQHT4M,B001EXRQQ8,B008BQG3RE,B0055MQUM0
B005DJRD80,B005DJRD80,B0054TK99E,B009L0H5OY,B00CE10BD4,B00932ADLC,B000OGTRC2,B0045XR7O0,B002NWNTL0,B009GX6F10,B008JSO786
B005F2BB3I,B005F2BB3I,B008947J8U,B001QDKK3W,B006Z48TZS,B008BQ8VOC,B00APE00H4,B0087YNHNI,B002QS5OQ4,B00CDU5MBC,B00DKRXM7S
B005OHSOL6,B005OHSOL6,B00B2G2RG6,B00CDBTVM2,B003V61JUK,B009GEDP26,B007QRER4K,B009IJJ5B4,B005C4FD0Q,B007QYRCX6,B008JSO21S
B005OPTRW8,B005OPTRW8,B004VJQ7F8,B0087BJXM0,B0055MQUM0,B008QTTGGG,B00DAHSVYC,B00CDBR1P6,B003UU1UTC,B000UU4IX0,B008BQG3RE
B0064JGWZS,B0064JGWZS,B008X0SGDC,B008X0SSDU,B003V61JUK,B006Z48TZS,B002KGEORM,B00B8P8O9K,B00BLCHYKU,B003NRVE6Q,B001F6ZIXC
B006Y5BWQG,B006Y5BWQG,B00B8P8O9K,B004TJRCNG,B00BLCHYKU,B0055MQUM0,B008X0SGDC,B008EQHT4M,B000UVUMDO,B004VJQ7F8,B0012QRPU4
B006Z48TZS,B006Z48TZS,B00APE00H4,B004MWZLYC,B008BQ8VOC,B009GX6F10,B0064JGWZS,B003MCOTT6,B00D1N6OQ2,B005544TRQ,B001EXRQQ8
B0079W7OCY,B0079W7OCY,B0079W7X98,B00BLCHXWY,B000UVUMDO,B009OYSFDM,B002NWNTL0,B00CDBTVM2,B00APE00H4,B00C0OLT6S,B00DQISQX6
B0079W7X98,B0079W7X98,B0079W7OCY,B00A2KIMH6,B003RRW3BC,B008X0SGDC,B00B8P8O9K,B005544TRQ,B00D1N6OQ2,B008JSO21S,B00DAHSVYC
B007H63DRW,B007H63DRW,B0038L1XPO,B004VJQ7F8,B008QTTGGG,B006Z48TZS,B000OJFV3S,B0091P60PY,B00CBNO8MK,B004TJRCNG,B009GEAWOU
B007JF83YY,B007JF83YY,B00BECZ6N4,B009KHHELW,B009GX6F10,B008QTTGGG,B0087YNHNI,B00B2G2RG6,B002KGEORM,B003RRW3BC,B008BQG3RE
B007N4BTEW,B007N4BTEW,B0055MQUM0,B008JSO21S,B003R7R1ZK,B000ZU1KMW,B0087YNHNI,B0038L1XPO,B00AX4QEAS,B000MVN8GK,B008JSO786
B007ORTYKO,B007ORTYKO,B004TJRCNG,B003V61JUK,B00CDBTVM2,B009JZTOG8,B005F2BB3I,B00BLCHYKU,B0054TK99E,B00A2KIMH6,B00BLCHL4Y
B007QRER4K,B007QRER4K,B005C4FD0Q,B009JARQ3G,B0025Z8G4K,B00APE00H4,B008JSO21S,B008EQHT4M,B0091P60PY,B00DN7LSXU,B00D5OZQUC
B007QYRCX6,B007QYRCX6,B003RRW3BC,B009IG59DK,B008QTTGGG,B009FZFONO,B008JSO786,B00BLCHYKU,B009JZTOG8,B00APE00H4,B000VZUWZW
B0083IJGBU,B0083IJGBU,B003NRWVMC,B001F6ZIXC,B00BLCHXWY,B000VU4GW2,B004X36GNK,B003B63FKW,B008JSO21S,B0054TK99E,B00BECZ6N4
B0087BJXM0,B0087BJXM0,B005OPTRW8,B00337ZGIS,B009KHHELW,B002962RKE,B00BLCHXWY,B009FZFONO,B00BLCHYKU,B004VJQ7F8,B0055MQUM0
B0087YNHNI,B0087YNHNI,B004X36GNK,B001F6ZIXC,B009RURGHO,B003RRW3BC,B003V61JUK,B007JF83YY,B002KGEORM,B005F2BB3I,B006Z48TZS
B0087YQVY0,B0087YQVY0,B00C7KXUOE,B00B2G2RG6,B004X36GNK,B00366JI9O,B009K0OL06,B004TJRCNG,B009O6QKKK,B00CBNOD0W,B0091P60PY
B008947J8U,B008947J8U,B00D1N6OQ2,B005F2BB3I,B008X0SSDU,B00DKRXM7S,B008BQG3RE,B006Z48TZS,B0064JGWZS,B001EXRQQ8,B00A2KIMH6
B008BQ8VOC,B008BQ8VOC,B005544TRQ,B00DQISQX6,B0095R3J8O,B006Z48TZS,B000UVUMDO,B004MWZLYC,B00D1NBQ60,B004VJQ7F8,B003R7R1ZK
B008BQG3RE,B008BQG3RE,B00D5OZQUC,B008X0SSDU,B00C0OLT6S,B000OGTRC2,B001EXRQQ8,B008QTTGGG,B003UU1UTC,B008947J8U,B0054U565U
B008EQHT4M,B008EQHT4M,B0054U565U,B009GEDP26,B003UU1UTC,B00D1NBQ60,B008JSO786,B000UVUMDO,B009IF7092,B0038L1XPO,B000MVN8GK
B008JSO21S,B008JSO21S,B008JSO786,B005C4FD0Q,B008QTTGGG,B002QS5OQ4,B007QRER4K,B00C0OLT6S,B0083IJGBU,B000MVN8GK,B006Z48TZS
B008JSO786,B008JSO786,B0055MQUM0,B008JSO21S,B0054U565U,B00BLCHYKU,B008EQHT4M,B009JARQ3G,B002QS5OQ4,B000UVUMDO,B00DAHSVYC
B008JSOXLW,B008JSOXLW,B00D1N6OQ2,B008ZXSUO2,B008X0SGDC,B009GEDP26,B008JSO786,B00D5P0QMY,B00DQISQX6,B000VU4GW2,B005544TRQ
B008QTTGGG,B008QTTGGG,B008JSO21S,B00APE00H4,B0099JKR6U,B0054TK99E,B0038L1XPO,B009JARQ3G,B009IG59DK,B008BQG3RE,B00CDBR1P6
B008X0SGDC,B008X0SGDC,B0064JGWZS,B003V61JUK,B003RRW3BC,B00B8P8O9K,B00BLCHYKU,B0079W7X98,B008JSOXLW,B00BLCHXWY,B00C0OLT6S
B008X0SSDU,B008X0SSDU,B0064JGWZS,B008BQG3RE,B009OYSFDM,B008947J8U,B009SJ3GUK,B009FZFONO,B009IJJ5B4,B00APE00H4,B00BLCHL4Y
B008ZXSUO2,B008ZXSUO2,B00BW75MKI,B004GEYL9M,B00B2G2RG6,B000UU4IX0,B008JSOXLW,B003XU02QG,B000S9FEFY,B00D5OZQUC,B00D1NBQ60
B0091P60PY,B0091P60PY,B007QRER4K,B002TUO2SU,B00BLCHXWY,B00DNUF7KW,B0025Z8G4K,B003XU02QG,B008QTTGGG,B0044BY98K,B00BLCHYKU
B00932ADLC,B00932ADLC,B003B63FKW,B004VJQ7F8,B009GX6F10,B0054TK99E,B004126A1G,B008BQ8VOC,B00CDBTVM2,B000MVN8GK,B00DKRXM7S
B0095R3J8O,B0095R3J8O,B003R7R1ZK,B008BQ8VOC,B00D5P0QMY,B003L4S0VI,B009AP3HQK,B005544TRQ,B0038L1XPO,B006Z48TZS,B008JSOXLW
B0099JKR6U,B0099JKR6U,B008QTTGGG,B002KGEORM,B00DN7LSXU,B009FZFONO,B00BLCHYKU,B00APE00H4,B00C7KXUOE,B001F6ZIXC,B008JSO786
B009AP3HQK,B009AP3HQK,B0095R3J8O,B00DN7LSXU,B00B2G2RG6,B003NRVE6Q,B003L4S0VI,B000VZUWZW,B00D5OZQUC,B00C7KXUOE,B00DTOYIIE
B009C46UEK,B009C46UEK,B0037KH0WQ,B0048ZXXIO,B000I9TWV6,B000I9S5BE,B000OJFV3S,B001QDKK3W,B000ZU1KMW,B005544TRQ,B003MCOTT6
B009FZFONO,B009FZFONO,B00APE00H4,B00DQISQX6,B004X2M3N8,B0099JKR6U,B00BW75MKI,B00B8P8O9K,B0087BJXM0,B008X0SSDU,B009GEAWOU
B009GEAWOU,B009GEAWOU,B009IF7092,B009IJJ5B4,B000VZUWZW,B00BW75MKI,B008ZXSUO2,B000UVUMDO,B008QTTGGG,B009JARQ3G,B00D1NBQ60
B009GEDP26,B009GEDP26,B008EQHT4M,B00D1NBQ60,B003NQ1T58,B009OYSFDM,B009IF7092,B008JSOXLW,B00D1N6OQ2,B008JSO21S,B00BW75MKI
B009GX6F10,B009GX6F10,B009IJJ5B4,B00D1N6OQ2,B006Z48TZS,B00APE00H4,B000OJFV3S,B009IF7092,B005544TRQ,B001EXRQQ8,B003NRWVMC
B009IF7092,B009IF7092,B009GEAWOU,B009IJJ5B4,B002Y0TGOU,B00D76BEIQ,B009GX6F10,B008EQHT4M,B009GEDP26,B002QS5OQ4,B00BW75MKI
B009IG59DK,B009IG59DK,B009K0OL06,B008QTTGGG,B003RRW3BC,B008EQHT4M,B00B2G2RG6,B007QYRCX6,B00BLCHXWY,B009OYSFDM,B00DQISQX6
B009IJJ5B4,B009IJJ5B4,B009GX6F10,B009GEAWOU,B009IF7092,B009OYSFDM,B000HAB4NK,B009JARQ3G,B003B63FKW,B003UU1UTC,B008QTTGGG
B009JARQ3G,B009JARQ3G,B007QRER4K,B008JSO786,B009IJJ5B4,B008QTTGGG,B009SJ3GUK,B00BW75MKI,B008ZXSUO2,B008BQG3RE,B009IF7092
B009JZTOG8,B009JZTOG8,B001QDKK3W,B009OYSFDM,B00ATLJYL6,B004TJRCNG,B00D1NBQ60,B008ZXSUO2,B000VZUWZW,B008JSO786,B008QTTGGG
B009K0OL06,B009K0OL06,B009IG59DK,B00BLCHXWY,B009RURGHO,B008QTTGGG,B00932ADLC,B0087YQVY0,B00C7KXUOE,B0099JKR6U,B000JO9JHW
B009KHHELW,B009KHHELW,B003NQ1T58,B004126A1G,B007JF83YY,B003V61JUK,B0087BJXM0,B001F6ZIXC,B00DAHSVYC,B00D5OZQUC,B001QDKK3W
B009L0H5OY,B009L0H5OY,B00D1NBQ60,B009SJ3GUK,B00DQISQX6,B005DJRD80,B00D1N6OQ2,B000OGTRC2,B003NRVE6Q,B006Z48TZS,B0025Z8G4K
B009O6QKKK,B009O6QKKK,B00A2KIMH6,B00BLCHL4Y,B0025Z8G4K,B002TUO2SU,B0054U565U,B0079W7X98,B008BQG3RE,B005544TRQ,B00APE00H4
B009OYSFDM,B009OYSFDM,B009JZTOG8,B008X0SSDU,B009IJJ5B4,B009GEDP26,B008JSO786,B00D1NBQ60,B0038L1XPO,B00BW75MKI,B0079W7OCY
B009RURGHO,B009RURGHO,B00D1N6OQ2,B003R7R1ZK,B002NWNTL0,B001EXRQQ8,B0087YNHNI,B001F6ZIXC,B00DQISQX6,B000UVUMDO,B008EQHT4M
B009SJ3GUK,B009SJ3GUK,B009L0H5OY,B008X0SSDU,B009JARQ3G,B008JSO786,B00B2G2RG6,B0012QRPU4,B0054TK99E,B008JSO21S,B00C7KXUOE
B00A2KIMH6,B00A2KIMH6,B009O6QKKK,B00C7KXUOE,B0079W7X98,B0045XR7O0,B0025Z8G4K,B002TUO2SU,B002NWNTL0,B009GX6F10,B005544TRQ
B00APE00H4,B00APE00H4,B006Z48TZS,B004MWZLYC,B00DQISQX6,B001EXRQQ8,B000VU4GW2,B009GX6F10,B008QTTGGG,B009FZFONO,B00B8P8O9K
B00ATLJYL6,B00ATLJYL6,B009JZTOG8,B002962RKE,B000UU4IX0,B00D5OZQUC,B00CDBQ9B8,B0055MQUM0,B008JSO786,B00CDBTVM2,B004MWZLYC
B00AX4QEAS,B00AX4QEAS,B00D5OZQUC,B00DAHSVYC,B003UU1UTC,B003XU02QG,B0055MQUM0,B009RURGHO,B0025Z8G4K,B00B2LCW8O,B009GEAWOU
B00B2G2RG6,B00B2G2RG6,B000OGTRC2,B008ZXSUO2,B003XU02QG,B000MVN8GK,B005OHSOL6,B00D1NBQ60,B009SJ3GUK,B007JF83YY,B00D5OZQUC
B00B2LCW8O,B00B2LCW8O,B00DNUF7KW,B00APE00H4,B001SE07JG,B0044BY98K,B00DQISQX6,B00BW75MKI,B009GEAWOU,B005OPTRW8,B0087BJXM0
B00B8P8O9K,B00B8P8O9K,B000S9FEFY,B008X0SGDC,B006Y5BWQG,B00APE00H4,B004TJRCNG,B003RRW3BC,B00DQISQX6,B005544TRQ,B003V61JUK
B00BECZ6N4,B00BECZ6N4,B007JF83YY,B006Z48TZS,B0083IJGBU,B009KHHELW,B005544TRQ,B009JZTOG8,B000I9TWV6,B0025Z8G4K,B000OGTRC2
B00BLCHL4Y,B00BLCHL4Y,B00DTOYIIE,B009O6QKKK,B004MWZLYC,B003NRWVMC,B004X36GNK,B005544TRQ,B009GX6F10,B0055MQUM0,B009IF7092
B00BLCHXWY,B00BLCHXWY,B003NRWVMC,B003B63FKW,B0083IJGBU,B008X0SGDC,B009K0OL06,B00C0OLT6S,B00D5OZQUC,B0079W7OCY,B0087BJXM0
B00BLCHYKU,B00BLCHYKU,B008JSO786,B008X0SGDC,B002NWNTL0,B00C7KXUOE,B006Y5BWQG,B00D1N6OQ2,B0064JGWZS,B00C0OLT6S,B0099JKR6U
B00BW75MKI,B00BW75MKI,B008ZXSUO2,B004GEYL9M,B003NRWVMC,B009JARQ3G,B009GEAWOU,B00APE00H4,B009FZFONO,B00D1NBQ60,B009IF7092
B00C0OLT6S,B00C0OLT6S,B008BQG3RE,B00D5OZQUC,B00CE10BD4,B008JSO21S,B00C7KXUOE,B0025Z8G4K,B00APE00H4,B00D1NBQ60,B00BLCHYKU
B00C7KXUOE,B00C7KXUOE,B00A2KIMH6,B00BLCHYKU,B0025Z8G4K,B0087YQVY0,B00C0OLT6S,B001QDKK3W,B00CDBTVM2,B00CDBQNZU,B00CDBR1P6
B00CBLGJY2,B00CBLGJY2,B00CBNO8MK,B00CDBR1P6,B00CBNOD0W,B00CBNOBYU,B00CDBTVM2,B00CDBQNZU,B009SJ3GUK,B00CDBTQCW,B00C0OLT6S
B00CBNO8MK,B00CBNO8MK,B00CBNOD0W,B00CDBQ9B8,B00CBNOBYU,B00CDBTQCW,B003NQ1T58,B00CBLGJY2,B00CDBQNZU,B00CDBR1P6,B00CE10BD4
B00CBNOBYU,B00CBNOBYU,B00CDBQ9B8,B00CDBR1P6,B00CBNO8MK,B00CBNOD0W,B00CDBQNZU,B00CDBTVM2,B00CBLGJY2,B009KHHELW,B0025Z8G4K
B00CBNOD0W,B00CBNOD0W,B00CDBQNZU,B00CDBQ9B8,B00CBNO8MK,B00CDBR1P6,B00CBNOBYU,B00CDBTQCW,B00CDBTVM2,B00CBLGJY2,B0040HNZTW
B00CDBQ9B8,B00CDBQ9B8,B00CBNOD0W,B00CBNOBYU,B00CBNO8MK,B00CDBQNZU,B00CDBR1P6,B00CDBTQCW,B008BQG3RE,B00ATLJYL6,B00932ADLC
B00CDBQNZU,B00CDBQNZU,B00CBNOD0W,B00CDBR1P6,B00CDBQ9B8,B00CDBTQCW,B00CBNOBYU,B00CBNO8MK,B00CDBTVM2,B00C7KXUOE,B00BLCHYKU
B00CDBR1P6,B00CDBR1P6,B00CBNOD0W,B00CDBTQCW,B00CBNOBYU,B00CDBQNZU,B00CDBQ9B8,B00CBLGJY2,B00CDBTVM2,B003RRW3BC,B00CBNO8MK
B00CDBTQCW,B00CDBTQCW,B00CDBR1P6,B00CBNOD0W,B00CBNO8MK,B00CDBQNZU,B00CDBQ9B8,B001EXRQQ8,B00DAHSVYC,B002QS5OQ4,B00B8P8O9K
B00CDBTVM2,B00CDBTVM2,B00CDBR1P6,B00CDBQNZU,B00CBNOBYU,B007ORTYKO,B00C7KXUOE,B00CBNOD0W,B00C0OLT6S,B00459EZ7Q,B00DAHSVYC
B00CDU5MBC,B00CDU5MBC,B00DKRXM7S,B003V61JUK,B00B8P8O9K,B005F2BB3I,B001EXRQQ8,B000MVN8GK,B008BQG3RE,B00CDBTQCW,B004GTOKM0
B00CE10BD4,B00CE10BD4,B003MCOTT6,B00C0OLT6S,B005DJRD80,B00CBNO8MK,B004GTOKM0,B00CDBQ9B8,B00DQISQX6,B0032UQR70,B00CDBQNZU
B00D1N6OQ2,B00D1N6OQ2,B008947J8U,B00D1NBQ60,B000VU4GW2,B008JSOXLW,B009GX6F10,B009RURGHO,B00APE00H4,B0055MQUM0,B00DKRXM7S
B00D1NBQ60,B00D1NBQ60,B00D1N6OQ2,B009GEDP26,B001F6ZIXC,B003V61JUK,B008EQHT4M,B009L0H5OY,B00DQISQX6,B001EXRQQ8,B008BQ8VOC
B00D5OZQUC,B00D5OZQUC,B008BQG3RE,B00C0OLT6S,B008ZXSUO2,B00DAHSVYC,B00BLCHXWY,B00DNUF7KW,B003UU1UTC,B009KHHELW,B00BLCHYKU
B00D5P0QMY,B00D5P0QMY,B0095R3J8O,B00DTOYIIE,B004TJRCNG,B00APE00H4,B009GX6F10,B00D1N6OQ2,B008JSOXLW,B00B8P8O9K,B003V61JUK
B00D76BEIQ,B00D76BEIQ,B009IF7092,B00DTOYIIE,B00BLCHL4Y,B00D1NBQ60,B004126A1G,B0054TK99E,B009K0OL06,B00B2G2RG6,B009GEAWOU
B00DAHSVYC,B00DAHSVYC,B003RRW3BC,B008JSO786,B004126A1G,B00D5OZQUC,B0055MQUM0,B008QTTGGG,B001SE07JG,B002KGEORM,B008BQG3RE
B00DKRXM7S,B00DKRXM7S,B008947J8U,B000VU4GW2,B00CDU5MBC,B00D1N6OQ2,B003V61JUK,B005F2BB3I,B00C7KXUOE,B00CDBQNZU,B004126A1G
B00DN7LSXU,B00DN7LSXU,B0099JKR6U,B009AP3HQK,B007QRER4K,B003XU02QG,B009SJ3GUK,B00CDBR1P6,B004X36GNK,B000S9FEFY,B002TUO2SU
B00DNUF7KW,B00DNUF7KW,B00B2LCW8O,B000UU4IX0,B0055MQUM0,B00D5OZQUC,B003XU02QG,B0091P60PY,B00ATLJYL6,B00D1N6OQ2,B00DAHSVYC
B00DQISQX6,B00DQISQX6,B005544TRQ,B008BQ8VOC,B00APE00H4,B00D1NBQ60,B009FZFONO,B00DTOYIIE,B009L0H5OY,B00B8P8O9K,B009GX6F10
B00DTOYIIE,B00DTOYIIE,B00D5P0QMY,B00BLCHL4Y,B00DQISQX6,B0087YNHNI,B00D76BEIQ,B00D5OZQUC,B0012QRPU4,B009FZFONO,B009AP3HQK
